----------------
-- Warehouses --
----------------
insert into Warehouses (id_Warehouse, address, location, province) values (1, '07 Daystar Court', 'Milwaukee', 'Porto');
insert into Warehouses (id_Warehouse, address, location, province) values (2, '10673 Mifflin Park', 'Clyde Gallagher', 'Porto');
insert into Warehouses (id_Warehouse, address, location, province) values (3, '31806 Roth Parkway', 'Marquette', 'Porto');
insert into Warehouses (id_Warehouse, address, location, province) values (4, '7 Randy Circle', 'Anhalt', 'Porto');
insert into Warehouses (id_Warehouse, address, location, province) values (5, '744 7th Circle', 'Nevada', 'Porto');
insert into Warehouses (id_Warehouse, address, location, province) values (6, '3 Little Fleur Avenue', 'Main', 'Alabama');
insert into Warehouses (id_Warehouse, address, location, province) values (7, '0380 Muir Alley', 'Alpine', 'Porto');
insert into Warehouses (id_Warehouse, address, location, province) values (8, '4 Barnett Court', 'International', 'Alberta');
insert into Warehouses (id_Warehouse, address, location, province) values (9, '0 Ramsey Street', 'Del Sol', 'Porto');
insert into Warehouses (id_Warehouse, address, location, province) values (10, '0669 Oakridge Crossing', 'Welch', 'Alberta');

----------------
--  Sections  --
----------------
insert into SECTIONS (section_id, BATCH_QUANTITY, MAX_SIZE, MIN_SIZE, WAREHOUSE_CODE) values (1, 36, 72, 31, 10);
insert into SECTIONS (section_id, BATCH_QUANTITY, MAX_SIZE, MIN_SIZE, WAREHOUSE_CODE) values (2, 7, 92, 82, 1);
insert into SECTIONS (section_id, BATCH_QUANTITY, MAX_SIZE, MIN_SIZE, WAREHOUSE_CODE) values (3, 49, 95, 91, 2);
insert into SECTIONS (section_id, BATCH_QUANTITY, MAX_SIZE, MIN_SIZE, WAREHOUSE_CODE) values (4, 23, 71, 44, 4);
insert into SECTIONS (section_id, BATCH_QUANTITY, MAX_SIZE, MIN_SIZE, WAREHOUSE_CODE) values (5, 78, 75, 49, 9);
insert into SECTIONS (section_id, BATCH_QUANTITY, MAX_SIZE, MIN_SIZE, WAREHOUSE_CODE) values (6, 24, 75, 68, 7);
insert into SECTIONS (section_id, BATCH_QUANTITY, MAX_SIZE, MIN_SIZE, WAREHOUSE_CODE) values (7, 99, 83, 30, 5);
insert into SECTIONS (section_id, BATCH_QUANTITY, MAX_SIZE, MIN_SIZE, WAREHOUSE_CODE) values (8, 43, 77, 69, 6);
insert into SECTIONS (section_id, BATCH_QUANTITY, MAX_SIZE, MIN_SIZE, WAREHOUSE_CODE) values (9, 76, 93, 39, 6);
insert into SECTIONS (section_id, BATCH_QUANTITY, MAX_SIZE, MIN_SIZE, WAREHOUSE_CODE) values (10, 74, 27, 17, 4);
insert into SECTIONS (section_id, BATCH_QUANTITY, MAX_SIZE, MIN_SIZE, WAREHOUSE_CODE) values (11, 2, 4, 0, 2);
insert into SECTIONS (section_id, BATCH_QUANTITY, MAX_SIZE, MIN_SIZE, WAREHOUSE_CODE) values (12, 56, 25, 15, 2);
insert into SECTIONS (section_id, BATCH_QUANTITY, MAX_SIZE, MIN_SIZE, WAREHOUSE_CODE) values (13, 18, 32, 22, 4);
insert into SECTIONS (section_id, BATCH_QUANTITY, MAX_SIZE, MIN_SIZE, WAREHOUSE_CODE) values (14, 79, 28, 18, 4);
insert into SECTIONS (section_id, BATCH_QUANTITY, MAX_SIZE, MIN_SIZE, WAREHOUSE_CODE) values (15, 62, 68, 33, 4);
insert into SECTIONS (section_id, BATCH_QUANTITY, MAX_SIZE, MIN_SIZE, WAREHOUSE_CODE) values (16, 34, 83, 67, 8);
insert into SECTIONS (section_id, BATCH_QUANTITY, MAX_SIZE, MIN_SIZE, WAREHOUSE_CODE) values (17, 1, 88, 78, 10);
insert into SECTIONS (section_id, BATCH_QUANTITY, MAX_SIZE, MIN_SIZE, WAREHOUSE_CODE) values (18, 16, 29, 19, 8);
insert into SECTIONS (section_id, BATCH_QUANTITY, MAX_SIZE, MIN_SIZE, WAREHOUSE_CODE) values (19, 25, 69, 20, 10);
insert into SECTIONS (section_id, BATCH_QUANTITY, MAX_SIZE, MIN_SIZE, WAREHOUSE_CODE) values (20, 19, 89, 46, 8);


----------------------
--  Inbound Orders  --
----------------------
insert into INBOUND_ORDERS (ORDER_NUMBER, ORDER_DATE, FK_SECTION) values (1, '02/05/2021', 12);
insert into INBOUND_ORDERS (ORDER_NUMBER, ORDER_DATE, FK_SECTION) values (2, '23/05/2021', 5);
insert into INBOUND_ORDERS (ORDER_NUMBER, ORDER_DATE, FK_SECTION) values (3, '18/05/2021', 17);
insert into INBOUND_ORDERS (ORDER_NUMBER, ORDER_DATE, FK_SECTION) values (4, '19/05/2021', 19);
insert into INBOUND_ORDERS (ORDER_NUMBER, ORDER_DATE, FK_SECTION) values (5, '29/05/2021', 1);
insert into INBOUND_ORDERS (ORDER_NUMBER, ORDER_DATE, FK_SECTION) values (6, '30/05/2021', 18);
insert into INBOUND_ORDERS (ORDER_NUMBER, ORDER_DATE, FK_SECTION) values (7, '04/06/2021', 6);
insert into INBOUND_ORDERS (ORDER_NUMBER, ORDER_DATE, FK_SECTION) values (8, '25/04/2021', 11);
insert into INBOUND_ORDERS (ORDER_NUMBER, ORDER_DATE, FK_SECTION) values (9, '19/05/2021', 2);
insert into INBOUND_ORDERS (ORDER_NUMBER, ORDER_DATE, FK_SECTION) values (10, '21/05/2021', 12);
insert into INBOUND_ORDERS (ORDER_NUMBER, ORDER_DATE, FK_SECTION) values (11, '28/05/2021', 13);
insert into INBOUND_ORDERS (ORDER_NUMBER, ORDER_DATE, FK_SECTION) values (12, '22/04/2021', 8);
insert into INBOUND_ORDERS (ORDER_NUMBER, ORDER_DATE, FK_SECTION) values (13, '21/05/2021', 19);
insert into INBOUND_ORDERS (ORDER_NUMBER, ORDER_DATE, FK_SECTION) values (14, '08/06/2021', 19);
insert into INBOUND_ORDERS (ORDER_NUMBER, ORDER_DATE, FK_SECTION) values (15, '20/05/2021', 16);
insert into INBOUND_ORDERS (ORDER_NUMBER, ORDER_DATE, FK_SECTION) values (16, '22/04/2021', 1);
insert into INBOUND_ORDERS (ORDER_NUMBER, ORDER_DATE, FK_SECTION) values (17, '05/05/2021', 13);
insert into INBOUND_ORDERS (ORDER_NUMBER, ORDER_DATE, FK_SECTION) values (18, '04/06/2021', 4);
insert into INBOUND_ORDERS (ORDER_NUMBER, ORDER_DATE, FK_SECTION) values (19, '26/05/2021', 7);
insert into INBOUND_ORDERS (ORDER_NUMBER, ORDER_DATE, FK_SECTION) values (20, '05/06/2021', 17);
insert into INBOUND_ORDERS (ORDER_NUMBER, ORDER_DATE, FK_SECTION) values (21, '28/05/2021', 17);
insert into INBOUND_ORDERS (ORDER_NUMBER, ORDER_DATE, FK_SECTION) values (22, '07/05/2021', 11);
insert into INBOUND_ORDERS (ORDER_NUMBER, ORDER_DATE, FK_SECTION) values (23, '29/05/2021', 19);
insert into INBOUND_ORDERS (ORDER_NUMBER, ORDER_DATE, FK_SECTION) values (24, '14/05/2021', 5);
insert into INBOUND_ORDERS (ORDER_NUMBER, ORDER_DATE, FK_SECTION) values (25, '26/04/2021', 11);
insert into INBOUND_ORDERS (ORDER_NUMBER, ORDER_DATE, FK_SECTION) values (26, '27/05/2021', 15);
insert into INBOUND_ORDERS (ORDER_NUMBER, ORDER_DATE, FK_SECTION) values (27, '20/04/2021', 13);
insert into INBOUND_ORDERS (ORDER_NUMBER, ORDER_DATE, FK_SECTION) values (28, '08/05/2021', 18);
insert into INBOUND_ORDERS (ORDER_NUMBER, ORDER_DATE, FK_SECTION) values (29, '29/05/2021', 1);
insert into INBOUND_ORDERS (ORDER_NUMBER, ORDER_DATE, FK_SECTION) values (30, '30/05/2021', 16);
insert into INBOUND_ORDERS (ORDER_NUMBER, ORDER_DATE, FK_SECTION) values (31, '25/04/2021', 16);
insert into INBOUND_ORDERS (ORDER_NUMBER, ORDER_DATE, FK_SECTION) values (32, '01/05/2021', 8);
insert into INBOUND_ORDERS (ORDER_NUMBER, ORDER_DATE, FK_SECTION) values (33, '02/06/2021', 1);
insert into INBOUND_ORDERS (ORDER_NUMBER, ORDER_DATE, FK_SECTION) values (34, '02/05/2021', 2);
insert into INBOUND_ORDERS (ORDER_NUMBER, ORDER_DATE, FK_SECTION) values (35, '13/05/2021', 10);
insert into INBOUND_ORDERS (ORDER_NUMBER, ORDER_DATE, FK_SECTION) values (36, '06/06/2021', 17);
insert into INBOUND_ORDERS (ORDER_NUMBER, ORDER_DATE, FK_SECTION) values (37, '07/06/2021', 16);
insert into INBOUND_ORDERS (ORDER_NUMBER, ORDER_DATE, FK_SECTION) values (38, '02/06/2021', 15);
insert into INBOUND_ORDERS (ORDER_NUMBER, ORDER_DATE, FK_SECTION) values (39, '02/06/2021', 15);
insert into INBOUND_ORDERS (ORDER_NUMBER, ORDER_DATE, FK_SECTION) values (40, '09/05/2021', 19);
insert into INBOUND_ORDERS (ORDER_NUMBER, ORDER_DATE, FK_SECTION) values (41, '29/05/2021', 8);
insert into INBOUND_ORDERS (ORDER_NUMBER, ORDER_DATE, FK_SECTION) values (42, '01/05/2021', 14);
insert into INBOUND_ORDERS (ORDER_NUMBER, ORDER_DATE, FK_SECTION) values (43, '27/04/2021', 14);
insert into INBOUND_ORDERS (ORDER_NUMBER, ORDER_DATE, FK_SECTION) values (44, '30/04/2021', 8);
insert into INBOUND_ORDERS (ORDER_NUMBER, ORDER_DATE, FK_SECTION) values (45, '14/05/2021', 16);
insert into INBOUND_ORDERS (ORDER_NUMBER, ORDER_DATE, FK_SECTION) values (46, '19/04/2021', 19);
insert into INBOUND_ORDERS (ORDER_NUMBER, ORDER_DATE, FK_SECTION) values (47, '20/05/2021', 19);
insert into INBOUND_ORDERS (ORDER_NUMBER, ORDER_DATE, FK_SECTION) values (48, '07/06/2021', 7);
insert into INBOUND_ORDERS (ORDER_NUMBER, ORDER_DATE, FK_SECTION) values (49, '01/05/2021', 7);
insert into INBOUND_ORDERS (ORDER_NUMBER, ORDER_DATE, FK_SECTION) values (50, '21/04/2021', 3);

----------------------
--     Products     --
----------------------
insert into PRODUCTS (PRODUCT_ID, ADDITIONAL_INFO, NAME, STATE) values (1, 'tincidunt lacus at velit vivamus vel nulla eget eros elementum pellentesque quisque porta volutpat erat', 'Electronics', 2);
insert into PRODUCTS (PRODUCT_ID, ADDITIONAL_INFO, NAME, STATE) values (2, 'placerat ante nulla justo aliquam quis turpis eget elit sodales scelerisque mauris sit amet eros suspendisse', 'Baby', 3);
insert into PRODUCTS (PRODUCT_ID, ADDITIONAL_INFO, NAME, STATE) values (3, 'ut massa quis augue luctus tincidunt nulla mollis molestie lorem quisque ut erat', 'Clothing', 1);
insert into PRODUCTS (PRODUCT_ID, ADDITIONAL_INFO, NAME, STATE) values (4, 'lorem id ligula suspendisse ornare consequat lectus in est risus auctor sed', 'Movies', 3);
insert into PRODUCTS (PRODUCT_ID, ADDITIONAL_INFO, NAME, STATE) values (5, 'nibh in hac habitasse platea dictumst aliquam augue quam sollicitudin vitae consectetuer eget rutrum', 'Outdoors', 1);
insert into PRODUCTS (PRODUCT_ID, ADDITIONAL_INFO, NAME, STATE) values (6, 'ipsum primis in faucibus orci luctus et ultrices posuere cubilia curae', 'Books', 1);
insert into PRODUCTS (PRODUCT_ID, ADDITIONAL_INFO, NAME, STATE) values (7, 'in congue etiam justo etiam pretium iaculis justo in hac habitasse platea dictumst etiam faucibus cursus urna ut tellus nulla', 'Music', 1);
insert into PRODUCTS (PRODUCT_ID, ADDITIONAL_INFO, NAME, STATE) values (8, 'gravida sem praesent id massa id nisl venenatis lacinia aenean sit amet justo morbi ut', 'Electronics', 1);
insert into PRODUCTS (PRODUCT_ID, ADDITIONAL_INFO, NAME, STATE) values (9, 'sociis natoque penatibus et magnis dis parturient montes nascetur ridiculus mus vivamus vestibulum', 'Electronics', 1);
insert into PRODUCTS (PRODUCT_ID, ADDITIONAL_INFO, NAME, STATE) values (10, 'sagittis dui vel nisl duis ac nibh fusce lacus purus aliquet', 'Music', 3);
insert into PRODUCTS (PRODUCT_ID, ADDITIONAL_INFO, NAME, STATE) values (11, 'in faucibus orci luctus et ultrices posuere cubilia curae mauris viverra diam vitae quam suspendisse', 'Games', 2);
insert into PRODUCTS (PRODUCT_ID, ADDITIONAL_INFO, NAME, STATE) values (12, 'interdum mauris ullamcorper purus sit amet nulla quisque arcu libero rutrum ac lobortis', 'Tools', 2);
insert into PRODUCTS (PRODUCT_ID, ADDITIONAL_INFO, NAME, STATE) values (13, 'nibh ligula nec sem duis aliquam convallis nunc proin at turpis a pede posuere nonummy integer non', 'Outdoors', 1);
insert into PRODUCTS (PRODUCT_ID, ADDITIONAL_INFO, NAME, STATE) values (14, 'ipsum integer a nibh in quis justo maecenas rhoncus aliquam lacus morbi quis tortor id nulla ultrices aliquet maecenas leo', 'Baby', 3);
insert into PRODUCTS (PRODUCT_ID, ADDITIONAL_INFO, NAME, STATE) values (15, 'curabitur convallis duis consequat dui nec nisi volutpat eleifend donec ut dolor', 'Electronics', 3);
insert into PRODUCTS (PRODUCT_ID, ADDITIONAL_INFO, NAME, STATE) values (16, 'sit amet cursus id turpis integer aliquet massa id lobortis convallis tortor risus dapibus augue vel', 'Kids', 2);
insert into PRODUCTS (PRODUCT_ID, ADDITIONAL_INFO, NAME, STATE) values (17, 'nam nulla integer pede justo lacinia eget tincidunt eget tempus vel pede morbi porttitor lorem id ligula suspendisse ornare', 'Kids', 2);
insert into PRODUCTS (PRODUCT_ID, ADDITIONAL_INFO, NAME, STATE) values (18, 'in ante vestibulum ante ipsum primis in faucibus orci luctus', 'Clothing', 2);
insert into PRODUCTS (PRODUCT_ID, ADDITIONAL_INFO, NAME, STATE) values (19, 'sit amet nulla quisque arcu libero rutrum ac lobortis vel dapibus', 'Health', 3);
insert into PRODUCTS (PRODUCT_ID, ADDITIONAL_INFO, NAME, STATE) values (20, 'cras pellentesque volutpat dui maecenas tristique est et tempus semper est quam pharetra', 'Electronics', 2);
insert into PRODUCTS (PRODUCT_ID, ADDITIONAL_INFO, NAME, STATE) values (21, 'in consequat ut nulla sed accumsan felis ut at dolor quis odio consequat varius integer ac', 'Computers', 3);
insert into PRODUCTS (PRODUCT_ID, ADDITIONAL_INFO, NAME, STATE) values (22, 'et ultrices posuere cubilia curae mauris viverra diam vitae quam suspendisse potenti nullam porttitor', 'Movies', 3);
insert into PRODUCTS (PRODUCT_ID, ADDITIONAL_INFO, NAME, STATE) values (23, 'rutrum rutrum neque aenean auctor gravida sem praesent id massa id nisl venenatis lacinia aenean sit amet justo morbi', 'Kids', 3);
insert into PRODUCTS (PRODUCT_ID, ADDITIONAL_INFO, NAME, STATE) values (24, 'lacus morbi sem mauris laoreet ut rhoncus aliquet pulvinar sed nisl nunc rhoncus dui vel sem sed sagittis nam congue', 'Sports', 2);
insert into PRODUCTS (PRODUCT_ID, ADDITIONAL_INFO, NAME, STATE) values (25, 'vestibulum sit amet cursus id turpis integer aliquet massa id lobortis convallis', 'Movies', 3);
insert into PRODUCTS (PRODUCT_ID, ADDITIONAL_INFO, NAME, STATE) values (26, 'nisi at nibh in hac habitasse platea dictumst aliquam augue quam sollicitudin vitae consectetuer', 'Garden', 1);
insert into PRODUCTS (PRODUCT_ID, ADDITIONAL_INFO, NAME, STATE) values (27, 'id ligula suspendisse ornare consequat lectus in est risus auctor sed tristique in', 'Baby', 2);
insert into PRODUCTS (PRODUCT_ID, ADDITIONAL_INFO, NAME, STATE) values (28, 'pede ullamcorper augue a suscipit nulla elit ac nulla sed vel enim sit amet nunc viverra', 'Garden', 3);
insert into PRODUCTS (PRODUCT_ID, ADDITIONAL_INFO, NAME, STATE) values (29, 'odio curabitur convallis duis consequat dui nec nisi volutpat eleifend donec ut dolor morbi vel', 'Garden', 3);
insert into PRODUCTS (PRODUCT_ID, ADDITIONAL_INFO, NAME, STATE) values (30, 'nec condimentum neque sapien placerat ante nulla justo aliquam quis turpis eget elit sodales scelerisque mauris', 'Health', 1);
insert into PRODUCTS (PRODUCT_ID, ADDITIONAL_INFO, NAME, STATE) values (31, 'ligula nec sem duis aliquam convallis nunc proin at turpis a pede', 'Movies', 3);
insert into PRODUCTS (PRODUCT_ID, ADDITIONAL_INFO, NAME, STATE) values (32, 'morbi odio odio elementum eu interdum eu tincidunt in leo maecenas pulvinar lobortis est phasellus sit amet erat nulla tempus', 'Games', 1);
insert into PRODUCTS (PRODUCT_ID, ADDITIONAL_INFO, NAME, STATE) values (33, 'etiam vel augue vestibulum rutrum rutrum neque aenean auctor gravida sem praesent id massa id', 'Music', 2);
insert into PRODUCTS (PRODUCT_ID, ADDITIONAL_INFO, NAME, STATE) values (34, 'molestie lorem quisque ut erat curabitur gravida nisi at nibh in hac habitasse platea dictumst aliquam augue quam sollicitudin', 'Kids', 3);
insert into PRODUCTS (PRODUCT_ID, ADDITIONAL_INFO, NAME, STATE) values (35, 'nisi volutpat eleifend donec ut dolor morbi vel lectus in quam fringilla rhoncus mauris enim leo rhoncus sed vestibulum', 'Beauty', 2);
insert into PRODUCTS (PRODUCT_ID, ADDITIONAL_INFO, NAME, STATE) values (36, 'porta volutpat erat quisque erat eros viverra eget congue eget', 'Grocery', 1);
insert into PRODUCTS (PRODUCT_ID, ADDITIONAL_INFO, NAME, STATE) values (37, 'ac tellus semper interdum mauris ullamcorper purus sit amet nulla quisque arcu', 'Grocery', 3);
insert into PRODUCTS (PRODUCT_ID, ADDITIONAL_INFO, NAME, STATE) values (38, 'faucibus orci luctus et ultrices posuere cubilia curae mauris viverra diam vitae quam suspendisse potenti nullam', 'Movies', 1);
insert into PRODUCTS (PRODUCT_ID, ADDITIONAL_INFO, NAME, STATE) values (39, 'congue vivamus metus arcu adipiscing molestie hendrerit at vulputate vitae', 'Garden', 1);
insert into PRODUCTS (PRODUCT_ID, ADDITIONAL_INFO, NAME, STATE) values (40, 'dui maecenas tristique est et tempus semper est quam pharetra magna ac consequat metus sapien ut', 'Health', 3);
insert into PRODUCTS (PRODUCT_ID, ADDITIONAL_INFO, NAME, STATE) values (41, 'vulputate vitae nisl aenean lectus pellentesque eget nunc donec quis orci eget orci vehicula condimentum', 'Kids', 2);
insert into PRODUCTS (PRODUCT_ID, ADDITIONAL_INFO, NAME, STATE) values (42, 'cum sociis natoque penatibus et magnis dis parturient montes nascetur ridiculus mus vivamus', 'Health', 2);
insert into PRODUCTS (PRODUCT_ID, ADDITIONAL_INFO, NAME, STATE) values (43, 'pulvinar nulla pede ullamcorper augue a suscipit nulla elit ac nulla sed vel', 'Sports', 2);
insert into PRODUCTS (PRODUCT_ID, ADDITIONAL_INFO, NAME, STATE) values (44, 'sed ante vivamus tortor duis mattis egestas metus aenean fermentum donec ut mauris eget massa tempor convallis nulla', 'Health', 3);
insert into PRODUCTS (PRODUCT_ID, ADDITIONAL_INFO, NAME, STATE) values (45, 'montes nascetur ridiculus mus etiam vel augue vestibulum rutrum rutrum neque', 'Sports', 1);
insert into PRODUCTS (PRODUCT_ID, ADDITIONAL_INFO, NAME, STATE) values (46, 'sapien in sapien iaculis congue vivamus metus arcu adipiscing molestie hendrerit at vulputate vitae', 'Music', 3);
insert into PRODUCTS (PRODUCT_ID, ADDITIONAL_INFO, NAME, STATE) values (47, 'morbi quis tortor id nulla ultrices aliquet maecenas leo odio condimentum id luctus nec', 'Jewelry', 1);
insert into PRODUCTS (PRODUCT_ID, ADDITIONAL_INFO, NAME, STATE) values (48, 'quisque porta volutpat erat quisque erat eros viverra eget congue eget semper rutrum nulla nunc purus phasellus in felis', 'Health', 3);
insert into PRODUCTS (PRODUCT_ID, ADDITIONAL_INFO, NAME, STATE) values (49, 'bibendum morbi non quam nec dui luctus rutrum nulla tellus in sagittis dui vel nisl', 'Health', 1);
insert into PRODUCTS (PRODUCT_ID, ADDITIONAL_INFO, NAME, STATE) values (50, 'nam dui proin leo odio porttitor id consequat in consequat ut nulla sed', 'Shoes', 2);
insert into PRODUCTS (PRODUCT_ID, ADDITIONAL_INFO, NAME, STATE) values (51, 'pellentesque eget nunc donec quis orci eget orci vehicula condimentum curabitur in libero ut massa volutpat convallis morbi odio odio', 'Books', 2);
insert into PRODUCTS (PRODUCT_ID, ADDITIONAL_INFO, NAME, STATE) values (52, 'bibendum felis sed interdum venenatis turpis enim blandit mi in porttitor pede justo eu massa donec dapibus duis at', 'Jewelry', 3);
insert into PRODUCTS (PRODUCT_ID, ADDITIONAL_INFO, NAME, STATE) values (53, 'molestie sed justo pellentesque viverra pede ac diam cras pellentesque volutpat dui maecenas tristique', 'Movies', 1);
insert into PRODUCTS (PRODUCT_ID, ADDITIONAL_INFO, NAME, STATE) values (54, 'at lorem integer tincidunt ante vel ipsum praesent blandit lacinia erat vestibulum sed magna at nunc commodo placerat praesent blandit', 'Shoes', 3);
insert into PRODUCTS (PRODUCT_ID, ADDITIONAL_INFO, NAME, STATE) values (55, 'id turpis integer aliquet massa id lobortis convallis tortor risus dapibus augue vel accumsan tellus nisi', 'Grocery', 3);
insert into PRODUCTS (PRODUCT_ID, ADDITIONAL_INFO, NAME, STATE) values (56, 'orci pede venenatis non sodales sed tincidunt eu felis fusce posuere felis sed lacus', 'Shoes', 2);
insert into PRODUCTS (PRODUCT_ID, ADDITIONAL_INFO, NAME, STATE) values (57, 'sapien cursus vestibulum proin eu mi nulla ac enim in tempor turpis nec euismod scelerisque', 'Jewelry', 1);
insert into PRODUCTS (PRODUCT_ID, ADDITIONAL_INFO, NAME, STATE) values (58, 'porta volutpat erat quisque erat eros viverra eget congue eget semper rutrum nulla nunc purus phasellus', 'Tools', 1);
insert into PRODUCTS (PRODUCT_ID, ADDITIONAL_INFO, NAME, STATE) values (59, 'rutrum nulla nunc purus phasellus in felis donec semper sapien a libero nam dui proin leo odio', 'Books', 2);
insert into PRODUCTS (PRODUCT_ID, ADDITIONAL_INFO, NAME, STATE) values (60, 'potenti cras in purus eu magna vulputate luctus cum sociis', 'Beauty', 2);
insert into PRODUCTS (PRODUCT_ID, ADDITIONAL_INFO, NAME, STATE) values (61, 'nulla facilisi cras non velit nec nisi vulputate nonummy maecenas tincidunt lacus', 'Grocery', 3);
insert into PRODUCTS (PRODUCT_ID, ADDITIONAL_INFO, NAME, STATE) values (62, 'sit amet turpis elementum ligula vehicula consequat morbi a ipsum integer a nibh in quis justo maecenas rhoncus', 'Baby', 3);
insert into PRODUCTS (PRODUCT_ID, ADDITIONAL_INFO, NAME, STATE) values (63, 'suspendisse accumsan tortor quis turpis sed ante vivamus tortor duis mattis egestas', 'Clothing', 2);
insert into PRODUCTS (PRODUCT_ID, ADDITIONAL_INFO, NAME, STATE) values (64, 'leo maecenas pulvinar lobortis est phasellus sit amet erat nulla tempus vivamus', 'Industrial', 3);
insert into PRODUCTS (PRODUCT_ID, ADDITIONAL_INFO, NAME, STATE) values (65, 'nisi at nibh in hac habitasse platea dictumst aliquam augue quam sollicitudin vitae consectetuer eget rutrum at lorem integer tincidunt', 'Home', 1);
insert into PRODUCTS (PRODUCT_ID, ADDITIONAL_INFO, NAME, STATE) values (66, 'nisi eu orci mauris lacinia sapien quis libero nullam sit amet turpis elementum ligula vehicula consequat morbi a', 'Music', 1);
insert into PRODUCTS (PRODUCT_ID, ADDITIONAL_INFO, NAME, STATE) values (67, 'a ipsum integer a nibh in quis justo maecenas rhoncus', 'Beauty', 2);
insert into PRODUCTS (PRODUCT_ID, ADDITIONAL_INFO, NAME, STATE) values (68, 'urna pretium nisl ut volutpat sapien arcu sed augue aliquam erat volutpat in congue etiam justo etiam pretium iaculis', 'Sports', 2);
insert into PRODUCTS (PRODUCT_ID, ADDITIONAL_INFO, NAME, STATE) values (69, 'diam erat fermentum justo nec condimentum neque sapien placerat ante nulla justo aliquam quis turpis eget elit sodales scelerisque mauris', 'Outdoors', 2);
insert into PRODUCTS (PRODUCT_ID, ADDITIONAL_INFO, NAME, STATE) values (70, 'quam sollicitudin vitae consectetuer eget rutrum at lorem integer tincidunt ante vel ipsum praesent blandit lacinia erat', 'Health', 3);
insert into PRODUCTS (PRODUCT_ID, ADDITIONAL_INFO, NAME, STATE) values (71, 'pretium iaculis justo in hac habitasse platea dictumst etiam faucibus cursus urna ut tellus nulla ut erat id mauris', 'Tools', 1);
insert into PRODUCTS (PRODUCT_ID, ADDITIONAL_INFO, NAME, STATE) values (72, 'cubilia curae nulla dapibus dolor vel est donec odio justo sollicitudin ut', 'Games', 2);
insert into PRODUCTS (PRODUCT_ID, ADDITIONAL_INFO, NAME, STATE) values (73, 'in quam fringilla rhoncus mauris enim leo rhoncus sed vestibulum sit amet cursus id turpis', 'Beauty', 1);
insert into PRODUCTS (PRODUCT_ID, ADDITIONAL_INFO, NAME, STATE) values (74, 'pede ac diam cras pellentesque volutpat dui maecenas tristique est et tempus semper est quam pharetra', 'Grocery', 3);
insert into PRODUCTS (PRODUCT_ID, ADDITIONAL_INFO, NAME, STATE) values (75, 'tincidunt eget tempus vel pede morbi porttitor lorem id ligula suspendisse ornare consequat lectus in est', 'Industrial', 1);
insert into PRODUCTS (PRODUCT_ID, ADDITIONAL_INFO, NAME, STATE) values (76, 'vestibulum vestibulum ante ipsum primis in faucibus orci luctus et ultrices', 'Baby', 3);
insert into PRODUCTS (PRODUCT_ID, ADDITIONAL_INFO, NAME, STATE) values (77, 'condimentum neque sapien placerat ante nulla justo aliquam quis turpis eget elit sodales', 'Outdoors', 1);
insert into PRODUCTS (PRODUCT_ID, ADDITIONAL_INFO, NAME, STATE) values (78, 'justo nec condimentum neque sapien placerat ante nulla justo aliquam quis turpis eget elit', 'Baby', 2);
insert into PRODUCTS (PRODUCT_ID, ADDITIONAL_INFO, NAME, STATE) values (79, 'nisl duis ac nibh fusce lacus purus aliquet at feugiat non pretium', 'Tools', 3);
insert into PRODUCTS (PRODUCT_ID, ADDITIONAL_INFO, NAME, STATE) values (80, 'volutpat in congue etiam justo etiam pretium iaculis justo in hac habitasse', 'Beauty', 1);
insert into PRODUCTS (PRODUCT_ID, ADDITIONAL_INFO, NAME, STATE) values (81, 'turpis sed ante vivamus tortor duis mattis egestas metus aenean fermentum donec ut mauris eget massa tempor convallis nulla neque', 'Tools', 2);
insert into PRODUCTS (PRODUCT_ID, ADDITIONAL_INFO, NAME, STATE) values (82, 'in leo maecenas pulvinar lobortis est phasellus sit amet erat nulla tempus', 'Electronics', 2);
insert into PRODUCTS (PRODUCT_ID, ADDITIONAL_INFO, NAME, STATE) values (83, 'non mauris morbi non lectus aliquam sit amet diam in magna bibendum imperdiet nullam orci pede', 'Kids', 2);
insert into PRODUCTS (PRODUCT_ID, ADDITIONAL_INFO, NAME, STATE) values (84, 'suspendisse potenti nullam porttitor lacus at turpis donec posuere metus', 'Beauty', 3);
insert into PRODUCTS (PRODUCT_ID, ADDITIONAL_INFO, NAME, STATE) values (85, 'orci vehicula condimentum curabitur in libero ut massa volutpat convallis morbi odio odio elementum eu', 'Clothing', 3);
insert into PRODUCTS (PRODUCT_ID, ADDITIONAL_INFO, NAME, STATE) values (86, 'rutrum rutrum neque aenean auctor gravida sem praesent id massa id nisl venenatis lacinia aenean sit amet justo morbi ut', 'Automotive', 3);
insert into PRODUCTS (PRODUCT_ID, ADDITIONAL_INFO, NAME, STATE) values (87, 'ligula vehicula consequat morbi a ipsum integer a nibh in quis justo maecenas rhoncus aliquam lacus', 'Garden', 3);
insert into PRODUCTS (PRODUCT_ID, ADDITIONAL_INFO, NAME, STATE) values (88, 'integer tincidunt ante vel ipsum praesent blandit lacinia erat vestibulum', 'Health', 3);
insert into PRODUCTS (PRODUCT_ID, ADDITIONAL_INFO, NAME, STATE) values (89, 'elementum nullam varius nulla facilisi cras non velit nec nisi vulputate nonummy maecenas tincidunt lacus at velit vivamus', 'Garden', 1);
insert into PRODUCTS (PRODUCT_ID, ADDITIONAL_INFO, NAME, STATE) values (90, 'volutpat dui maecenas tristique est et tempus semper est quam pharetra magna ac consequat', 'Grocery', 2);
insert into PRODUCTS (PRODUCT_ID, ADDITIONAL_INFO, NAME, STATE) values (91, 'nulla ultrices aliquet maecenas leo odio condimentum id luctus nec molestie sed', 'Electronics', 3);
insert into PRODUCTS (PRODUCT_ID, ADDITIONAL_INFO, NAME, STATE) values (92, 'vitae mattis nibh ligula nec sem duis aliquam convallis nunc proin at turpis a pede posuere', 'Games', 1);
insert into PRODUCTS (PRODUCT_ID, ADDITIONAL_INFO, NAME, STATE) values (93, 'sit amet consectetuer adipiscing elit proin risus praesent lectus vestibulum quam sapien', 'Music', 1);
insert into PRODUCTS (PRODUCT_ID, ADDITIONAL_INFO, NAME, STATE) values (94, 'ac leo pellentesque ultrices mattis odio donec vitae nisi nam ultrices libero non mattis pulvinar nulla pede', 'Shoes', 3);
insert into PRODUCTS (PRODUCT_ID, ADDITIONAL_INFO, NAME, STATE) values (95, 'orci luctus et ultrices posuere cubilia curae mauris viverra diam vitae quam', 'Kids', 1);
insert into PRODUCTS (PRODUCT_ID, ADDITIONAL_INFO, NAME, STATE) values (96, 'rhoncus aliquam lacus morbi quis tortor id nulla ultrices aliquet maecenas leo odio condimentum id', 'Baby', 1);
insert into PRODUCTS (PRODUCT_ID, ADDITIONAL_INFO, NAME, STATE) values (97, 'et ultrices posuere cubilia curae duis faucibus accumsan odio curabitur convallis duis consequat dui nec nisi volutpat eleifend donec ut', 'Kids', 2);
insert into PRODUCTS (PRODUCT_ID, ADDITIONAL_INFO, NAME, STATE) values (98, 'sapien quis libero nullam sit amet turpis elementum ligula vehicula consequat morbi a', 'Health', 1);
insert into PRODUCTS (PRODUCT_ID, ADDITIONAL_INFO, NAME, STATE) values (99, 'ultrices posuere cubilia curae duis faucibus accumsan odio curabitur convallis duis consequat dui', 'Kids', 3);
insert into PRODUCTS (PRODUCT_ID, ADDITIONAL_INFO, NAME, STATE) values (100, 'turpis eget elit sodales scelerisque mauris sit amet eros suspendisse accumsan tortor quis turpis sed ante vivamus tortor duis', 'Music', 2);

----------------------
--     Bacthes      --
----------------------
insert into BATCHES (BATCH_NUMBER, INITIAL_QUANTITY, CURRENT_QUANTITY, MANUFACTURING_TIME, MANUFACTURING_DATE, CURRENT_TEMPERATURE, MINIMUM_TEMPERATURE, FK_PRODUCT, DUE_DATE) values (1, 734, 229, '2021-04-04 02:19:34', '2021-04-04', 3, 3, 43, '2021-04-30');
insert into BATCHES (BATCH_NUMBER, INITIAL_QUANTITY, CURRENT_QUANTITY, MANUFACTURING_TIME, MANUFACTURING_DATE, CURRENT_TEMPERATURE, MINIMUM_TEMPERATURE, FK_PRODUCT, DUE_DATE) values (2, 69, 352, '2021-03-29 01:53:42', '2021-03-29', -9, 9, 89, '2021-08-03');
insert into BATCHES (BATCH_NUMBER, INITIAL_QUANTITY, CURRENT_QUANTITY, MANUFACTURING_TIME, MANUFACTURING_DATE, CURRENT_TEMPERATURE, MINIMUM_TEMPERATURE, FK_PRODUCT, DUE_DATE) values (3, 889, 171, '2021-01-21 18:25:11', '2021-01-21', -1, -2, 87, '2021-07-31');
insert into BATCHES (BATCH_NUMBER, INITIAL_QUANTITY, CURRENT_QUANTITY, MANUFACTURING_TIME, MANUFACTURING_DATE, CURRENT_TEMPERATURE, MINIMUM_TEMPERATURE, FK_PRODUCT, DUE_DATE) values (4, 946, 425, '2021-01-12 20:35:59', '2021-01-12', -6, 4, 45, '2021-05-03');
insert into BATCHES (BATCH_NUMBER, INITIAL_QUANTITY, CURRENT_QUANTITY, MANUFACTURING_TIME, MANUFACTURING_DATE, CURRENT_TEMPERATURE, MINIMUM_TEMPERATURE, FK_PRODUCT, DUE_DATE) values (5, 824, 812, '2021-01-08 03:58:40', '2021-01-08', -3, 1, 75, '2021-08-03');
insert into BATCHES (BATCH_NUMBER, INITIAL_QUANTITY, CURRENT_QUANTITY, MANUFACTURING_TIME, MANUFACTURING_DATE, CURRENT_TEMPERATURE, MINIMUM_TEMPERATURE, FK_PRODUCT, DUE_DATE) values (6, 68, 348, '2021-02-06 19:56:51', '2021-02-06', 7, 6, 78, '2021-04-19');
insert into BATCHES (BATCH_NUMBER, INITIAL_QUANTITY, CURRENT_QUANTITY, MANUFACTURING_TIME, MANUFACTURING_DATE, CURRENT_TEMPERATURE, MINIMUM_TEMPERATURE, FK_PRODUCT, DUE_DATE) values (7, 880, 812, '2021-01-27 13:32:30', '2021-01-27', -9, 4, 4, '2021-06-07');
insert into BATCHES (BATCH_NUMBER, INITIAL_QUANTITY, CURRENT_QUANTITY, MANUFACTURING_TIME, MANUFACTURING_DATE, CURRENT_TEMPERATURE, MINIMUM_TEMPERATURE, FK_PRODUCT, DUE_DATE) values (8, 484, 381, '2021-04-02 00:13:33', '2021-04-02', 10, -2, 75, '2021-08-26');
insert into BATCHES (BATCH_NUMBER, INITIAL_QUANTITY, CURRENT_QUANTITY, MANUFACTURING_TIME, MANUFACTURING_DATE, CURRENT_TEMPERATURE, MINIMUM_TEMPERATURE, FK_PRODUCT, DUE_DATE) values (9, 290, 519, '2021-03-10 23:05:31', '2021-03-10', -2, -1, 41, '2021-05-12');
insert into BATCHES (BATCH_NUMBER, INITIAL_QUANTITY, CURRENT_QUANTITY, MANUFACTURING_TIME, MANUFACTURING_DATE, CURRENT_TEMPERATURE, MINIMUM_TEMPERATURE, FK_PRODUCT, DUE_DATE) values (10, 724, 664, '2021-02-04 04:31:24', '2021-02-04', 8, -1, 31, '2021-07-31');
insert into BATCHES (BATCH_NUMBER, INITIAL_QUANTITY, CURRENT_QUANTITY, MANUFACTURING_TIME, MANUFACTURING_DATE, CURRENT_TEMPERATURE, MINIMUM_TEMPERATURE, FK_PRODUCT, DUE_DATE) values (11, 46, 283, '2021-01-24 14:58:55', '2021-01-24', 2, 7, 43, '2021-07-05');
insert into BATCHES (BATCH_NUMBER, INITIAL_QUANTITY, CURRENT_QUANTITY, MANUFACTURING_TIME, MANUFACTURING_DATE, CURRENT_TEMPERATURE, MINIMUM_TEMPERATURE, FK_PRODUCT, DUE_DATE) values (12, 193, 134, '2021-03-23 09:50:57', '2021-03-23', -7, 2, 66, '2021-04-25');
insert into BATCHES (BATCH_NUMBER, INITIAL_QUANTITY, CURRENT_QUANTITY, MANUFACTURING_TIME, MANUFACTURING_DATE, CURRENT_TEMPERATURE, MINIMUM_TEMPERATURE, FK_PRODUCT, DUE_DATE) values (13, 2, 418, '2021-02-04 22:40:38', '2021-02-04', 7, 10, 93, '2021-08-14');
insert into BATCHES (BATCH_NUMBER, INITIAL_QUANTITY, CURRENT_QUANTITY, MANUFACTURING_TIME, MANUFACTURING_DATE, CURRENT_TEMPERATURE, MINIMUM_TEMPERATURE, FK_PRODUCT, DUE_DATE) values (14, 443, 659, '2021-03-30 15:00:39', '2021-03-30', 7, -3, 6, '2021-08-25');
insert into BATCHES (BATCH_NUMBER, INITIAL_QUANTITY, CURRENT_QUANTITY, MANUFACTURING_TIME, MANUFACTURING_DATE, CURRENT_TEMPERATURE, MINIMUM_TEMPERATURE, FK_PRODUCT, DUE_DATE) values (15, 729, 187, '2021-03-12 12:22:14', '2021-03-12', -6, 5, 77, '2021-06-19');
insert into BATCHES (BATCH_NUMBER, INITIAL_QUANTITY, CURRENT_QUANTITY, MANUFACTURING_TIME, MANUFACTURING_DATE, CURRENT_TEMPERATURE, MINIMUM_TEMPERATURE, FK_PRODUCT, DUE_DATE) values (16, 212, 661, '2021-01-03 13:35:48', '2021-01-03', -5, -1, 82, '2021-05-22');
insert into BATCHES (BATCH_NUMBER, INITIAL_QUANTITY, CURRENT_QUANTITY, MANUFACTURING_TIME, MANUFACTURING_DATE, CURRENT_TEMPERATURE, MINIMUM_TEMPERATURE, FK_PRODUCT, DUE_DATE) values (17, 762, 355, '2021-04-11 00:29:57', '2021-04-11', -6, -7, 10, '2021-06-08');
insert into BATCHES (BATCH_NUMBER, INITIAL_QUANTITY, CURRENT_QUANTITY, MANUFACTURING_TIME, MANUFACTURING_DATE, CURRENT_TEMPERATURE, MINIMUM_TEMPERATURE, FK_PRODUCT, DUE_DATE) values (18, 326, 32, '2021-03-13 02:45:28', '2021-03-13', -7, -2, 4, '2021-04-27');
insert into BATCHES (BATCH_NUMBER, INITIAL_QUANTITY, CURRENT_QUANTITY, MANUFACTURING_TIME, MANUFACTURING_DATE, CURRENT_TEMPERATURE, MINIMUM_TEMPERATURE, FK_PRODUCT, DUE_DATE) values (19, 1, 46, '2021-03-18 18:32:58', '2021-03-18', 11, 0, 51, '2021-05-19');
insert into BATCHES (BATCH_NUMBER, INITIAL_QUANTITY, CURRENT_QUANTITY, MANUFACTURING_TIME, MANUFACTURING_DATE, CURRENT_TEMPERATURE, MINIMUM_TEMPERATURE, FK_PRODUCT, DUE_DATE) values (20, 512, 266, '2021-03-26 16:49:04', '2021-03-26', 1, -4, 62, '2021-07-06');
insert into BATCHES (BATCH_NUMBER, INITIAL_QUANTITY, CURRENT_QUANTITY, MANUFACTURING_TIME, MANUFACTURING_DATE, CURRENT_TEMPERATURE, MINIMUM_TEMPERATURE, FK_PRODUCT, DUE_DATE) values (21, 327, 311, '2021-04-01 14:01:55', '2021-04-01', 2, -6, 38, '2021-07-01');
insert into BATCHES (BATCH_NUMBER, INITIAL_QUANTITY, CURRENT_QUANTITY, MANUFACTURING_TIME, MANUFACTURING_DATE, CURRENT_TEMPERATURE, MINIMUM_TEMPERATURE, FK_PRODUCT, DUE_DATE) values (22, 518, 149, '2021-02-02 15:22:18', '2021-02-02', 12, -1, 31, '2021-07-01');
insert into BATCHES (BATCH_NUMBER, INITIAL_QUANTITY, CURRENT_QUANTITY, MANUFACTURING_TIME, MANUFACTURING_DATE, CURRENT_TEMPERATURE, MINIMUM_TEMPERATURE, FK_PRODUCT, DUE_DATE) values (23, 106, 219, '2021-02-11 18:28:31', '2021-02-11', 3, -5, 61, '2021-07-17');
insert into BATCHES (BATCH_NUMBER, INITIAL_QUANTITY, CURRENT_QUANTITY, MANUFACTURING_TIME, MANUFACTURING_DATE, CURRENT_TEMPERATURE, MINIMUM_TEMPERATURE, FK_PRODUCT, DUE_DATE) values (24, 520, 156, '2021-03-07 09:40:45', '2021-03-07', -6, -10, 28, '2021-06-28');
insert into BATCHES (BATCH_NUMBER, INITIAL_QUANTITY, CURRENT_QUANTITY, MANUFACTURING_TIME, MANUFACTURING_DATE, CURRENT_TEMPERATURE, MINIMUM_TEMPERATURE, FK_PRODUCT, DUE_DATE) values (25, 571, 659, '2021-04-05 13:04:29', '2021-04-05', -9, 1, 3, '2021-07-22');
insert into BATCHES (BATCH_NUMBER, INITIAL_QUANTITY, CURRENT_QUANTITY, MANUFACTURING_TIME, MANUFACTURING_DATE, CURRENT_TEMPERATURE, MINIMUM_TEMPERATURE, FK_PRODUCT, DUE_DATE) values (26, 449, 36, '2021-01-22 07:12:22', '2021-01-22', 3, 4, 65, '2021-07-28');
insert into BATCHES (BATCH_NUMBER, INITIAL_QUANTITY, CURRENT_QUANTITY, MANUFACTURING_TIME, MANUFACTURING_DATE, CURRENT_TEMPERATURE, MINIMUM_TEMPERATURE, FK_PRODUCT, DUE_DATE) values (27, 227, 46, '2021-01-12 00:01:41', '2021-01-12', -9, -10, 2, '2021-04-30');
insert into BATCHES (BATCH_NUMBER, INITIAL_QUANTITY, CURRENT_QUANTITY, MANUFACTURING_TIME, MANUFACTURING_DATE, CURRENT_TEMPERATURE, MINIMUM_TEMPERATURE, FK_PRODUCT, DUE_DATE) values (28, 330, 213, '2021-01-08 15:19:37', '2021-01-08', 10, -1, 40, '2021-08-26');
insert into BATCHES (BATCH_NUMBER, INITIAL_QUANTITY, CURRENT_QUANTITY, MANUFACTURING_TIME, MANUFACTURING_DATE, CURRENT_TEMPERATURE, MINIMUM_TEMPERATURE, FK_PRODUCT, DUE_DATE) values (29, 609, 342, '2021-03-10 20:44:05', '2021-03-10', 11, 0, 5, '2021-07-07');
insert into BATCHES (BATCH_NUMBER, INITIAL_QUANTITY, CURRENT_QUANTITY, MANUFACTURING_TIME, MANUFACTURING_DATE, CURRENT_TEMPERATURE, MINIMUM_TEMPERATURE, FK_PRODUCT, DUE_DATE) values (30, 982, 555, '2021-02-15 06:45:33', '2021-02-15', -3, 2, 59, '2021-08-12');
insert into BATCHES (BATCH_NUMBER, INITIAL_QUANTITY, CURRENT_QUANTITY, MANUFACTURING_TIME, MANUFACTURING_DATE, CURRENT_TEMPERATURE, MINIMUM_TEMPERATURE, FK_PRODUCT, DUE_DATE) values (31, 327, 179, '2021-03-31 11:51:54', '2021-03-31', 1, 5, 22, '2021-06-18');
insert into BATCHES (BATCH_NUMBER, INITIAL_QUANTITY, CURRENT_QUANTITY, MANUFACTURING_TIME, MANUFACTURING_DATE, CURRENT_TEMPERATURE, MINIMUM_TEMPERATURE, FK_PRODUCT, DUE_DATE) values (32, 807, 468, '2021-01-19 18:19:50', '2021-01-19', -1, -1, 86, '2021-05-19');
insert into BATCHES (BATCH_NUMBER, INITIAL_QUANTITY, CURRENT_QUANTITY, MANUFACTURING_TIME, MANUFACTURING_DATE, CURRENT_TEMPERATURE, MINIMUM_TEMPERATURE, FK_PRODUCT, DUE_DATE) values (33, 164, 393, '2021-03-13 06:05:43', '2021-03-13', -1, 10, 43, '2021-08-15');
insert into BATCHES (BATCH_NUMBER, INITIAL_QUANTITY, CURRENT_QUANTITY, MANUFACTURING_TIME, MANUFACTURING_DATE, CURRENT_TEMPERATURE, MINIMUM_TEMPERATURE, FK_PRODUCT, DUE_DATE) values (34, 874, 23, '2021-01-13 13:06:04', '2021-01-13', -2, -2, 70, '2021-06-27');
insert into BATCHES (BATCH_NUMBER, INITIAL_QUANTITY, CURRENT_QUANTITY, MANUFACTURING_TIME, MANUFACTURING_DATE, CURRENT_TEMPERATURE, MINIMUM_TEMPERATURE, FK_PRODUCT, DUE_DATE) values (35, 669, 298, '2021-01-19 01:47:56', '2021-01-19', 2, 7, 56, '2021-06-07');
insert into BATCHES (BATCH_NUMBER, INITIAL_QUANTITY, CURRENT_QUANTITY, MANUFACTURING_TIME, MANUFACTURING_DATE, CURRENT_TEMPERATURE, MINIMUM_TEMPERATURE, FK_PRODUCT, DUE_DATE) values (36, 780, 29, '2021-03-26 21:24:54', '2021-03-26', -4, -1, 58, '2021-07-02');
insert into BATCHES (BATCH_NUMBER, INITIAL_QUANTITY, CURRENT_QUANTITY, MANUFACTURING_TIME, MANUFACTURING_DATE, CURRENT_TEMPERATURE, MINIMUM_TEMPERATURE, FK_PRODUCT, DUE_DATE) values (37, 683, 12, '2021-01-07 15:13:50', '2021-01-07', 1, -3, 33, '2021-07-11');
insert into BATCHES (BATCH_NUMBER, INITIAL_QUANTITY, CURRENT_QUANTITY, MANUFACTURING_TIME, MANUFACTURING_DATE, CURRENT_TEMPERATURE, MINIMUM_TEMPERATURE, FK_PRODUCT, DUE_DATE) values (38, 26, 657, '2021-01-11 01:06:14', '2021-01-11', 8, -5, 35, '2021-07-07');
insert into BATCHES (BATCH_NUMBER, INITIAL_QUANTITY, CURRENT_QUANTITY, MANUFACTURING_TIME, MANUFACTURING_DATE, CURRENT_TEMPERATURE, MINIMUM_TEMPERATURE, FK_PRODUCT, DUE_DATE) values (39, 763, 672, '2021-02-17 16:48:42', '2021-02-17', 2, 2, 100, '2021-05-27');
insert into BATCHES (BATCH_NUMBER, INITIAL_QUANTITY, CURRENT_QUANTITY, MANUFACTURING_TIME, MANUFACTURING_DATE, CURRENT_TEMPERATURE, MINIMUM_TEMPERATURE, FK_PRODUCT, DUE_DATE) values (40, 650, 563, '2021-03-29 21:12:01', '2021-03-29', 11, -10, 45, '2021-07-12');
insert into BATCHES (BATCH_NUMBER, INITIAL_QUANTITY, CURRENT_QUANTITY, MANUFACTURING_TIME, MANUFACTURING_DATE, CURRENT_TEMPERATURE, MINIMUM_TEMPERATURE, FK_PRODUCT, DUE_DATE) values (41, 612, 101, '2021-01-07 05:15:02', '2021-01-07', 4, 5, 15, '2021-08-27');
insert into BATCHES (BATCH_NUMBER, INITIAL_QUANTITY, CURRENT_QUANTITY, MANUFACTURING_TIME, MANUFACTURING_DATE, CURRENT_TEMPERATURE, MINIMUM_TEMPERATURE, FK_PRODUCT, DUE_DATE) values (42, 620, 733, '2021-02-24 02:38:48', '2021-02-24', 4, -8, 13, '2021-05-21');
insert into BATCHES (BATCH_NUMBER, INITIAL_QUANTITY, CURRENT_QUANTITY, MANUFACTURING_TIME, MANUFACTURING_DATE, CURRENT_TEMPERATURE, MINIMUM_TEMPERATURE, FK_PRODUCT, DUE_DATE) values (43, 850, 397, '2021-03-29 01:06:16', '2021-03-29', -9, 7, 28, '2021-08-13');
insert into BATCHES (BATCH_NUMBER, INITIAL_QUANTITY, CURRENT_QUANTITY, MANUFACTURING_TIME, MANUFACTURING_DATE, CURRENT_TEMPERATURE, MINIMUM_TEMPERATURE, FK_PRODUCT, DUE_DATE) values (44, 90, 195, '2021-03-03 01:36:57', '2021-03-03', -5, -6, 100, '2021-08-20');
insert into BATCHES (BATCH_NUMBER, INITIAL_QUANTITY, CURRENT_QUANTITY, MANUFACTURING_TIME, MANUFACTURING_DATE, CURRENT_TEMPERATURE, MINIMUM_TEMPERATURE, FK_PRODUCT, DUE_DATE) values (45, 973, 668, '2021-03-23 09:13:18', '2021-03-23', 7, 3, 34, '2021-05-08');
insert into BATCHES (BATCH_NUMBER, INITIAL_QUANTITY, CURRENT_QUANTITY, MANUFACTURING_TIME, MANUFACTURING_DATE, CURRENT_TEMPERATURE, MINIMUM_TEMPERATURE, FK_PRODUCT, DUE_DATE) values (46, 51, 82, '2021-01-18 08:00:19', '2021-01-18', -3, -9, 89, '2021-04-28');
insert into BATCHES (BATCH_NUMBER, INITIAL_QUANTITY, CURRENT_QUANTITY, MANUFACTURING_TIME, MANUFACTURING_DATE, CURRENT_TEMPERATURE, MINIMUM_TEMPERATURE, FK_PRODUCT, DUE_DATE) values (47, 816, 461, '2021-03-05 08:40:12', '2021-03-05', -9, -7, 67, '2021-05-01');
insert into BATCHES (BATCH_NUMBER, INITIAL_QUANTITY, CURRENT_QUANTITY, MANUFACTURING_TIME, MANUFACTURING_DATE, CURRENT_TEMPERATURE, MINIMUM_TEMPERATURE, FK_PRODUCT, DUE_DATE) values (48, 880, 382, '2021-01-06 20:06:23', '2021-01-06', 8, 5, 20, '2021-06-13');
insert into BATCHES (BATCH_NUMBER, INITIAL_QUANTITY, CURRENT_QUANTITY, MANUFACTURING_TIME, MANUFACTURING_DATE, CURRENT_TEMPERATURE, MINIMUM_TEMPERATURE, FK_PRODUCT, DUE_DATE) values (49, 184, 392, '2021-02-04 10:17:11', '2021-02-04', 4, -1, 94, '2021-07-10');
insert into BATCHES (BATCH_NUMBER, INITIAL_QUANTITY, CURRENT_QUANTITY, MANUFACTURING_TIME, MANUFACTURING_DATE, CURRENT_TEMPERATURE, MINIMUM_TEMPERATURE, FK_PRODUCT, DUE_DATE) values (50, 13, 445, '2021-01-12 17:01:08', '2021-01-12', -4, 6, 35, '2021-04-29');